<?xml version="1.0" encoding="UTF-8"?>
<metadata xml:lang="en"><Esri><CreaDate>20161031</CreaDate><CreaTime>14185300</CreaTime><ArcGISFormat>1.0</ArcGISFormat><ArcGISstyle>North American Profile of ISO19115 2003</ArcGISstyle><SyncOnce>TRUE</SyncOnce><DataProperties><lineage><Process ToolSource="c:\program files (x86)\arcgis\desktop10.2\ArcToolbox\Toolboxes\Analysis Tools.tbx\TableSelect" Date="20161031" Time="141853">TableSelect M:\GIS\ArcGIS_Team_Files\zz_connections\ARCSDE@DCP@SDE.sde\sde.dcp.PLUTO_not_in_nytls C:\MyFiles\Mappluto_16V2\MapPLUTO\cds\Staten_Island\si_pluto.dbf ""BoroCode" =5"</Process></lineage></DataProperties></Esri></metadata>
